{"eval/exact": 0.0, "eval/f1": 0.0, "eval/total": 1026, "eval/HasAns_exact": 0.0, "eval/HasAns_f1": 0.0, "eval/HasAns_total": 1026, "eval/best_exact": 33.72319688109162, "eval/best_exact_thresh": 7.010195732116699, "eval/best_f1": 33.72319688109162, "eval/best_f1_thresh": 7.010195732116699, "train/epoch": 1.0, "train/global_step": 368, "_timestamp": 1681885489.8370574, "_runtime": 420.35379433631897, "_step": 0, "_wandb": {"runtime": 552}}