{"train/loss": 2.353, "train/learning_rate": 1.7874396135265702e-05, "train/epoch": 0.98, "train/global_step": 360, "_timestamp": 1681887113.6831682, "_runtime": 358.00373005867004, "_step": 17}