{"train/loss": 2.3432, "train/learning_rate": 1.932367149758454e-05, "train/epoch": 0.65, "train/global_step": 240, "_timestamp": 1681887562.2592611, "_runtime": 230.42550420761108, "_step": 11, "_wandb": {"runtime": 230}}