{"eval/exact": 0.0, "eval/f1": 0.0, "eval/total": 1026, "eval/HasAns_exact": 0.0, "eval/HasAns_f1": 0.0, "eval/HasAns_total": 1026, "eval/best_exact": 33.72319688109162, "eval/best_exact_thresh": 8.293705940246582, "eval/best_f1": 33.72319688109162, "eval/best_f1_thresh": 8.293705940246582, "train/epoch": 1.0, "train/global_step": 368, "_timestamp": 1681886080.9301896, "_runtime": 419.13575863838196, "_step": 0, "_wandb": {"runtime": 558}}