{"train/loss": 6.8493, "train/learning_rate": 1.7874396135265702e-05, "train/epoch": 1.0, "train/global_step": 368, "_timestamp": 1681886713.5164132, "_runtime": 422.1591341495514, "_step": 18, "eval/exact": 0.0, "eval/f1": 0.0, "eval/total": 1026, "eval/HasAns_exact": 0.0, "eval/HasAns_f1": 0.0, "eval/HasAns_total": 1026, "eval/best_exact": 33.72319688109162, "eval/best_exact_thresh": 9.536513328552246, "eval/best_f1": 33.72319688109162, "eval/best_f1_thresh": 9.536513328552246, "_wandb": {"runtime": 420}}